author_id,username,followers,tweet_id,label,lable_followers,score,object_type,created,active_type,score_current_time
1542699561457750017,0xDeFiDevin,4242,1905454008992477225,dcfgod,96642,10,user,1743130612000,comment,10.0
1414021381298089984,0xDeployer,13781,1893016999904854390,MeltedMindz,24151,0,user,1740165397000,comment,0.0
1414021381298089984,0xDeployer,13781,1893016999904854390,bankrbot,40286,50,user,1740165397000,comment,50.0
1414021381298089984,0xDeployer,13781,1899273459592778010,bankrbot,40286,50,user,1741657054000,comment,50.0
1186196454811021312,0xIT4I,11374,1771631542705504594,zachxbt,841036,20,user,1711224849000,comment,20.0
1552784479894511618,0xJetski,2530,1884178590000160999,rutgervandertas,5277,80,user,1738058156000,comment,80.0
1063067256991625217,0xRyze,58845,1852441193352700078,VaderResearch,30137,50,user,1730491371000,comment,50.0
1063067256991625217,0xRyze,58845,1852441193352700078,dogoshii,16389,30,user,1730491371000,comment,30.0
1063067256991625217,0xRyze,58845,1852441193352700078,virtuals_io,208277,50,user,1730491371000,comment,50.0
17707496,0xTsuan,6238,1887406094063927626,0xMOSSAI,4461,30,user,1738827653000,comment,30.0
1476106267093524483,0x_orkun,5002,1878205749236543831,mhluongo,13250,-70,user,1736634120000,comment,-70.0
1518981037514186752,0xdetweiler,11091,1891751558880047409,0xGeeGee,12631,30,user,1739863693000,comment,30.0
1423817598618292225,0xdoug,39887,1806005883140235666,hasufl,235089,20,user,1719420331000,comment,20.0
1373304198448709632,0xngmi,157897,1635816038511136768,ASvanevik,210059,0,user,1678843910000,comment,0.0
1373304198448709632,0xngmi,157897,1634575395696570368,The_PeopleDAO,37407,30,user,1678548117000,comment,30.0
1373304198448709632,0xngmi,157897,1635816038511136768,Uniswap,1415207,-50,user,1678843910000,comment,-50.0
1373304198448709632,0xngmi,157897,1635816038511136768,cobie,771961,0,user,1678843910000,comment,0.0
1655041057120296960,0xvisitor,19901,1845169274140115335,DegenerateNews,377934,0,user,1728757611000,comment,0.0
1655041057120296960,0xvisitor,19901,1845169274140115335,MooDengSOL,108047,0,user,1728757611000,comment,0.0
1655041057120296960,0xvisitor,19901,1845169274140115335,MustStopMurad,711199,60,user,1728757611000,comment,60.0
139096441,100bviking,61411,1868101519524176161,cz_binance,9992682,80,user,1734225084000,comment,80.0
139096441,100bviking,61411,1868101519524176161,elonmusk,218555971,80,user,1734225084000,comment,80.0
1451221504973316107,305_Capital,5754,1882784963717894330,jdorman81,43174,-50,user,1737725890000,comment,-50.0
1451221504973316107,305_Capital,5754,1578581958468472834,larry0x,35231,-70,user,1665198242000,comment,-70.0
457984084,466Anan,177730,1897335537201242336,0xathenalee,4767,70,user,1741195017000,comment,70.0
457984084,466Anan,177730,1897335537201242336,cz_binance,9992682,50,user,1741195017000,comment,50.0
457984084,466Anan,177730,1897335537201242336,heyibinance,403543,60,user,1741195017000,comment,60.0
1392445344068345856,69konrad69,3140,1884631556376961475,undeadcat1or0,6299,30,user,1738166152000,comment,30.0
224221596,AB84,2544241,1905360842125644248,elonmusk,218555971,50,user,1743108399000,comment,50.0
1374022018388008965,AKCB3350,1520,1739900849802141988,elonmusk,218555971,60,user,1703659663000,comment,60.0
1468363594878582784,ALPHACOETH,29817,1856089639565799655,JpeGodson,3303,60,user,1731361229000,comment,60.0
1640369409649782785,AerodromeFi,99930,1839289818100150388,wmchain,64304,70,user,1727355839000,comment,70.0
1731745103989940224,AgentChud,18052,1902124131447140370,blknoiz06,706493,-60,user,1742336707000,comment,-60.0
942999039192186882,AltcoinPsycho,518319,1901340039549960589,zachxbt,841036,-50,user,1742149765000,comment,-50.0
17896616,Amxx,4405,1892986535416385975,PaulRBerg,19560,0,user,1740158134000,comment,0.0
17896616,Amxx,4405,1892986535416385975,nicksdjohnson,86004,0,user,1740158134000,comment,0.0
905395394,AndreCronjeTech,439780,1873894582536241274,hosseeb,116112,50,user,1735606258000,comment,50.0
38055242,Austin_Federa,145667,1900278454685491386,MaxResnick1,14136,-40,user,1741896663000,comment,-40.0
38055242,Austin_Federa,145667,1555190710646833152,PointNetwork,28846,20,user,1659621334000,comment,20.0
38055242,Austin_Federa,145667,1555193851064860674,PointNetwork,28846,30,user,1659622082000,comment,25.0
38055242,Austin_Federa,145667,1555194000872800257,PointNetwork,28846,70,user,1659622118000,comment,40.0
38055242,Austin_Federa,145667,1555193851064860674,SquadsProtocol,30637,50,user,1659622082000,comment,50.0
965314989270687745,BAYC1K,20377,1524851056978575364,Penguitt,11232,80,user,1652387797000,comment,80.0
1862461820855820288,BNBCHAINZH,45519,1900776892422385742,heyibinance,403543,60,user,1742015500000,comment,60.0
939058273487003648,Bluntz_Capital,317407,1849276708287041691,blknoiz06,706493,10,user,1729736899000,comment,10.0
939058273487003648,Bluntz_Capital,317407,1874207649459560901,duckingnator,8544,-20,user,1735680899000,comment,-20.0
1626962486359629825,BonkzBridgedGod,2993,1896576367707525198,STACCoverflow,38915,0,user,1741014017000,comment,0.0
757033212,BowTiedBull,197333,1881751679189868895,ethereumJoseph,333658,-20,user,1737479536000,comment,-20.0
3232408494,BreakSloth,12987,1679153591079272449,elonmusk,218555971,50,user,1689176387000,comment,50.0
1485345830416658437,CHADSwtf,9257,1894071125534990820,0xvisitor,19901,60,user,1740416721000,comment,60.0
1485345830416658437,CHADSwtf,9257,1894071125534990820,JasonYanowitz,121817,70,user,1740416721000,comment,70.0
1485345830416658437,CHADSwtf,9257,1894071125534990820,SOLBigBrain,286886,75,user,1740416721000,comment,75.0
1485345830416658437,CHADSwtf,9257,1894071125534990820,aeyakovenko,561205,80,user,1740416721000,comment,80.0
1485345830416658437,CHADSwtf,9257,1894071125534990820,tristan,33739,65,user,1740416721000,comment,65.0
1238545984420024322,CQ_Neverland,2173,1841310112310558933,nihaovand,40601,30,user,1727837515000,comment,30.0
1471926684874162189,Carlitoswa_y,19712,1904535428406935640,zachxbt,841036,-30,user,1742911605000,comment,-30.0
155597470,CharliCohen,28353,1881838214664843724,0xDesigner,47989,30,user,1737500167000,comment,30.0
1402179231426174977,ClamzEth,9722,1592008873137045504,SBF_FTX,984910,50,user,1668399468000,comment,50.0
1471666008746250242,Claynosaurz,76915,1802775749360775677,wallstreetbets,901121,50,user,1718650207000,comment,50.0
1032379192388857861,CoinGurruu,90492,1843046452425322785,crypto,1323987,20,user,1728251491000,comment,20.0
1032379192388857861,CoinGurruu,90492,1843046452425322785,d_gilz,33786,40,user,1728251491000,comment,40.0
790627436832579584,CoinbaseWallet,328528,1897020471209779292,WakaFlocka,1815322,80,user,1741119899000,comment,80.0
999817800788201472,Coinicarus,13759,1896654334106214865,MrHodl,67323,-50,user,1741032606000,comment,-50.0
1071200045570101248,ColeGotTweets,13075,1885591834342150280,aixbt_agent,460141,0,user,1738395100000,comment,0.0
2175282002,CollinsCustomIP,11308,1767904137537261691,joaquimmutim,2034,80,user,1710336167000,comment,80.0
1370222631203508224,CroissantEth,118318,1725961699339931845,0xSisyphus,145025,0,user,1700336310000,comment,0.0
1370222631203508224,CroissantEth,118318,1725961699339931845,blknoiz06,706493,-20,user,1700336310000,comment,-20.0
261716818,Cryptchamo,52723,1738244695665369456,holyheld,18752,70,user,1703264805000,comment,70.0
887419466144940032,CryptoKemal,658896,1889737212759089439,cz_binance,9992682,0,user,1739383435000,comment,0.0
887419466144940032,CryptoKemal,658896,1889737212759089439,theveeman,5349,0,user,1739383435000,comment,0.0
2194899020,CryptoParadyme,68565,1896402513857073186,cobie,771961,0,user,1740972567000,comment,0.0
2194899020,CryptoParadyme,68565,1815582329001365876,depression2019,63693,60,user,1721703533000,comment,60.0
972970759416111104,CryptoWizardd,786159,1845077583605501952,MustStopMurad,711199,50,user,1728735750000,comment,50.0
972970759416111104,CryptoWizardd,786159,1773320233463271688,TheCryptoKazi,88987,60,user,1711627465000,comment,60.0
972970759416111104,CryptoWizardd,786159,1845077583605501952,blknoiz06,706493,30,user,1728735750000,comment,30.0
1632296925826543618,Crypto_Cat888,62896,1903288023300935831,Nerotix13,7756,60,user,1742614200000,comment,60.0
1355596426714247168,Crypto_Crier,8109,1868801579543113736,wabdoteth,109510,-50,user,1734391991000,comment,-50.0
848628608738488321,DCbuild3r,42146,1863828599909802405,Fiskantes,101740,30,user,1733206341000,comment,30.0
1478266773631873024,DL_W59,16704,1741426662707978434,Murphychen888,56978,20,user,1704023445000,comment,20.0
1001490017917784064,DTAPCAP,127678,1874481928814125102,SolanaBFS,1781,70,user,1735746292000,comment,70.0
1001490017917784064,DTAPCAP,127678,1874481928814125102,cz_binance,9992682,60,user,1735746292000,comment,60.0
1393611930326093825,DanaDegenius,2609,1696657615466426676,dainprotocol,9901,60,user,1693349672000,comment,60.0
150324112,DarkCryptoLord,53979,1864907782639751513,pudgypenguins,652558,60,user,1733463638000,comment,60.0
1800564812889325568,DarkMagaCoin,14026,1853119164317319363,elonmusk,218555971,70,user,1730653012000,comment,70.0
1800564812889325568,DarkMagaCoin,14026,1856568263292948580,elonmusk,218555971,75,user,1731475341000,comment,72.5
1580860144707141635,DashtiSalam1,1197,1901364092751040689,0xjiujiu99,15360,0,user,1742155500000,comment,0.0
1580860144707141635,DashtiSalam1,1197,1901364092751040689,cz_binance,9992682,0,user,1742155500000,comment,0.0
1580860144707141635,DashtiSalam1,1197,1902052241495744555,cz_binance,9992682,50,user,1742319567000,comment,25.0
1580860144707141635,DashtiSalam1,1197,1901364092751040689,sisibinance,120032,0,user,1742155500000,comment,0.0
1580860144707141635,DashtiSalam1,1197,1901364092751040689,webhogwatrs,3213,0,user,1742155500000,comment,0.0
1137701,DavidSacks,1350169,1592406319293571072,elonmusk,218555971,0,user,1668494226000,comment,0.0
550633088,DeCryptoGod,5306,1550542288912150528,frankdegods,417648,0,user,1658513064000,comment,0.0
904902534434656256,DeFi8362,66741,1891408088021836164,JupiterExchange,568806,0,user,1739781803000,comment,0.0
904902534434656256,DeFi8362,66741,1891408088021836164,MeteoraAG,164048,0,user,1739781803000,comment,0.0
904902534434656256,DeFi8362,66741,1891408088021836164,cz_binance,9992682,20,user,1739781803000,comment,20.0
904902534434656256,DeFi8362,66741,1891408088021836164,yuyue_chris,115878,0,user,1739781803000,comment,0.0
127646057,DeeZe,274844,1884418037496885539,batzdu,41098,80,user,1738115245000,comment,80.0
1480302068602576897,Deleted8960740,37669,1635852417341485057,NFTEarth_L2,18106,70,user,1678852583000,comment,70.0
1480302068602576897,Deleted8960740,37669,1635852417341485057,stader_polygon,29975,10,user,1678852583000,comment,10.0
1480302068602576897,Deleted8960740,37669,1635852417341485057,westonnelson,16224,10,user,1678852583000,comment,10.0
1823828971773181953,DipWheeler,26313,1863369872413258047,AgentChud,18052,70,user,1733096971000,comment,70.0
1823828971773181953,DipWheeler,26313,1863369872413258047,elonmusk,218555971,80,user,1733096971000,comment,80.0
1534835373523738625,DogeClub_NFT,13960,1669973570691436545,adiokingeth,17006,-30,user,1686987700000,comment,-30.0
2543419093,EffortCapital,22518,1898454325338239350,StaniKulechov,263220,60,user,1741461757000,comment,60.0
61417559,ErikVoorhees,735204,1892055093559677147,aeyakovenko,561205,10,user,1739936061000,comment,10.0
61417559,ErikVoorhees,735204,1881859632936673520,jackmallers,461256,-40,user,1737505274000,comment,-40.0
61417559,ErikVoorhees,735204,1895568375046115505,lex_node,54144,50,user,1740773693000,comment,50.0
279828819,Evan_ss6,56246,1802462562581135813,ZeMariaMacedo,62829,-20,user,1718575537000,comment,-20.0
279828819,Evan_ss6,56246,1802462562581135813,cobie,771961,-30,user,1718575537000,comment,-30.0
279828819,Evan_ss6,56246,1893144699025670218,fejau_inc,63733,-40,user,1740195843000,comment,-40.0
279828819,Evan_ss6,56246,1874601621164109951,owen1v9,81970,80,user,1735774829000,comment,80.0
279828819,Evan_ss6,56246,1681870553039224833,usdcbull1,6266,-30,user,1689824162000,comment,-30.0
1554869999919108096,Garid_Trades,10970,1608883991293333505,karl_0x,78621,-20,user,1672422809000,comment,-20.0
410368659,Gonz0777,1546,1542558314365702145,GoldieMD84,2643,0,user,1656609536000,comment,0.0
410368659,Gonz0777,1546,1542558314365702145,anon7030200,1138,60,user,1656609536000,comment,60.0
410368659,Gonz0777,1546,1542558314365702145,koolk123456,185032,0,user,1656609536000,comment,0.0
922049207304966144,GotrillaGorilla,57585,1888645605007970312,0xkitty69,13121,70,user,1739123176000,comment,70.0
922049207304966144,GotrillaGorilla,57585,1888645605007970312,AR15CRYPTO,99665,80,user,1739123176000,comment,80.0
1518140519536279554,Greta0086,135672,1895736800972562716,0xCRASHOUT,11077,60,user,1740813849000,comment,60.0
1723424740361023488,GuthixHL,12359,1863184594402730202,TheCryptoNexus,27639,75,user,1733052798000,comment,75.0
1391917111614877696,GutterCatGang,120108,1412420763693498372,GutterYank,2581,80,user,1625582326000,comment,80.0
1868212828307615744,HCR_BOT,9284,1875716398263001340,1049XBT,7934,40,user,1736040613000,comment,40.0
1868212828307615744,HCR_BOT,9284,1879309630544711725,hodlerr0,12701,50,user,1736897306000,comment,50.0
4927225006,HUADA999,102048,1901246217444806962,cz_binance,9992682,50,user,1742127396000,comment,50.0
4927225006,HUADA999,102048,1901246217444806962,heyibinance,403543,0,user,1742127396000,comment,0.0
1665828068886302721,HardhatChad,13619,1896342115007054088,jacobvcreech,14799,70,user,1740958167000,comment,70.0
2289728340,HarryLin1024,1703,1904930476017803442,brc20niubi,49399,70,user,1743005792000,comment,70.0
2289728340,HarryLin1024,1703,1904930476017803442,cz_binance,9992682,80,user,1743005792000,comment,80.0
1552681466332557317,Hikjljb,20676,1854125877254291935,playrunehero,25644,0,user,1730893031000,comment,0.0
1552681466332557317,Hikjljb,20676,1854125877254291935,tz529,3181,30,user,1730893031000,comment,30.0
1774969285884170240,HobbesOnSolana,7210,1784278459864223923,blknoiz06,706493,40,user,1714240109000,comment,40.0
1774969285884170240,HobbesOnSolana,7210,1786739135471890573,blknoiz06,706493,50,user,1714826780000,comment,45.0
1774969285884170240,HobbesOnSolana,7210,1788568343814758854,blknoiz06,706493,50,user,1715262897000,comment,46.666666666666664
1774969285884170240,HobbesOnSolana,7210,1788927584908055005,blknoiz06,706493,70,user,1715348547000,comment,52.5
1774969285884170240,HobbesOnSolana,7210,1789463941296378230,blknoiz06,706493,50,user,1715476424000,comment,52.0
1774969285884170240,HobbesOnSolana,7210,1791139681763013054,blknoiz06,706493,80,user,1715875952000,comment,56.666666666666664
1774969285884170240,HobbesOnSolana,7210,1800695122151260193,blknoiz06,706493,60,user,1718154147000,comment,57.142857142857146
1774969285884170240,HobbesOnSolana,7210,1784278459864223923,blknoiz06intern,22655,30,user,1714240109000,comment,30.0
1774969285884170240,HobbesOnSolana,7210,1789463941296378230,blknoiz06intern,22655,60,user,1715476424000,comment,45.0
1437790012892930050,HotSolSummer,21460,1465852471562043395,WizardsSolana,1354,80,user,1638321438000,comment,80.0
557822642,HouseofYogiX,14562,1891929713645428828,graildoteth,81378,-90,user,1739906168000,comment,-90.0
944686196331966464,HsakaTrades,593686,1886473039367315487,ethereumJoseph,333658,40,user,1738605196000,comment,40.0
22341856,IamNomad,222480,1892248833091920231,cobie,771961,-50,user,1739982252000,comment,-50.0
1107518478,JasonYanowitz,121817,1900192972496310589,cobie,771961,-20,user,1741876283000,comment,-20.0
958495164686917632,Justin_Bons,60949,1881897143566586128,EldarDRM,22134,-40,user,1737514217000,comment,-40.0
1480615962257018880,LawlietCrypto,1327,1790969054653825147,blknoiz06,706493,0,user,1715835271000,comment,0.0
2652239532,Ledger,654291,1565346335901253632,ETHLisbon,9569,100,user,1662042623000,comment,100.0
43949721,LefterisJP,63794,1877445847631225078,gnosispay,20467,50,user,1736452945000,comment,50.0
43949721,LefterisJP,63794,1877445847631225078,koeppelmann,53072,80,user,1736452945000,comment,80.0
43949721,LefterisJP,63794,1877445847631225078,zealwallet,6311,70,user,1736452945000,comment,70.0
1074022139454476289,LeonardDonalds,4672,1884841758355280156,AltcoinGordon,735289,70,user,1738216268000,comment,70.0
1074022139454476289,LeonardDonalds,4672,1888452494793048536,blknoiz06,706493,-30,user,1739077135000,comment,-30.0
1074022139454476289,LeonardDonalds,4672,1884749886186266779,digitalartchick,202478,60,user,1738194364000,comment,60.0
1074022139454476289,LeonardDonalds,4672,1888756845944164665,frankdegods,417648,80,user,1739149698000,comment,80.0
1074022139454476289,LeonardDonalds,4672,1888452494793048536,stoolpresidente,3677818,-40,user,1739077135000,comment,-40.0
1074022139454476289,LeonardDonalds,4672,1884888215900864725,zachxbt,841036,70,user,1738227344000,comment,70.0
1372592675640197127,LostProphetSol,6812,1879734570951791029,assetdash,125185,80,user,1736998620000,comment,80.0
1372592675640197127,LostProphetSol,6812,1879734570951791029,mobyagent,98230,70,user,1736998620000,comment,70.0
1340793957614145537,MBXXVV,15942,1895822316531220650,0xvisitor,19901,-60,user,1740834237000,comment,-60.0
1636717234054656000,MEonBTC,99280,1790807889482854402,wallstreetbets,901121,60,user,1715796847000,comment,60.0
1585960998321770497,MarcellxMarcell,107586,1882512981612974437,PeterSchiff,1133139,60,user,1737661044000,comment,60.0
823666116220354565,MasterChiefNFTs,32250,1878573981562765641,thecircle_eth,24758,50,user,1736721914000,comment,50.0
1460254014491086854,MeltedMindz,24151,1901724258277187987,notthreadguy,317849,-30,user,1742241370000,comment,-30.0
1412542198650785792,MintysMooners,3982,1877500627032412220,phantom,862161,-80,user,1736466006000,comment,-80.0
1256302433048891392,MoarkyMoark,9203,1905794545389826104,Pons_ETH,61499,30,user,1743211802000,comment,30.0
1256302433048891392,MoarkyMoark,9203,1900632737624555859,pumpdotfun,415380,50,user,1741981131000,comment,50.0
1226309266715234305,MonetSupply,29515,1321657934711910400,Lsquaredleland,2026,0,user,1603942781000,comment,0.0
1226309266715234305,MonetSupply,29515,1880981340113551618,jon_charb,22834,-30,user,1737295873000,comment,-30.0
844304603336232960,MustStopMurad,711199,1819092029198020736,Toshi_base,107331,90,user,1722540311000,comment,90.0
844304603336232960,MustStopMurad,711199,1896987502596251693,theunipcs,103215,-50,user,1741112039000,comment,-50.0
1323263916693225472,NMTD8,11487,1904903653699289294,hedgedhog7,83177,0,user,1742999397000,comment,0.0
1323263916693225472,NMTD8,11487,1904903653699289294,zachxbt,841036,20,user,1742999397000,comment,20.0
1044836083530452992,Optimism,732557,1759978225025847607,0xAarc,3879,90,user,1708446482000,comment,90.0
1771787806605787136,OrwellOnSol,6025,1853682473361899885,elonmusk,218555971,0,user,1730787316000,comment,0.0
1771787806605787136,OrwellOnSol,6025,1856736948301512949,elonmusk,218555971,0,user,1731515559000,comment,0.0
1341269720444653568,PointNetwork,28846,1555189476875436032,Austin_Federa,145667,0,user,1659621039000,comment,0.0
1341269720444653568,PointNetwork,28846,1555191261505667076,Austin_Federa,145667,70,user,1659621465000,comment,35.0
1341269720444653568,PointNetwork,28846,1555192046691958785,Austin_Federa,145667,0,user,1659621652000,comment,23.333333333333332
4881140173,Pollo2x,56299,1592569057676431360,SBF_FTX,984910,-50,user,1668533026000,comment,-50.0
950486928784228352,Punk9277,45284,1862660224177537445,0xsudogm,16038,0,user,1732927778000,comment,0.0
2409661538,Rager,201240,1737653280736714777,3orovik,228372,80,user,1703123800000,comment,80.0
2409661538,Rager,201240,1737653280736714777,farokh,441032,80,user,1703123800000,comment,80.0
2409661538,Rager,201240,1737653280736714777,haseeb,53909,0,user,1703123800000,comment,0.0
962427286506045440,RealJonahBlake,84905,1902830270044074455,0xINFRA,4508,0,user,1742505063000,comment,0.0
962427286506045440,RealJonahBlake,84905,1902830270044074455,LucaNetz,184797,0,user,1742505063000,comment,0.0
1658454401776795648,Rugcheckxyz,41564,1891392625313268046,Austin_Federa,145667,60,user,1739778116000,comment,60.0
1658454401776795648,Rugcheckxyz,41564,1891392625313268046,phantom,862161,70,user,1739778116000,comment,70.0
1110877798820777986,SBF_FTX,984910,1601191234034274304,cz_binance,9992682,-30,user,1670588713000,comment,-30.0
1424905944857722887,SOLBigBrain,286886,1491507931292086275,phantom,862161,60,user,1644438176000,comment,60.0
1424905944857722887,SOLBigBrain,286886,1491507931292086275,wallet,2084199,50,user,1644438176000,comment,50.0
1436880221354045450,STACCoverflow,38915,1852459737667019262,redacted_noah,16786,30,user,1730495793000,comment,30.0
1436880221354045450,STACCoverflow,38915,1852459737667019262,solana,3335964,50,user,1730495793000,comment,50.0
1837349638317428740,SaBiBro666,15659,1877907160610509074,Leoninweb3,83447,60,user,1736562931000,comment,60.0
1437633986457649156,Scamart_0v0,8634,1905046340473679903,ripcache,18917,0,user,1743033416000,comment,0.0
342366051,ShanAggarwal,8228,1897112097881764258,jdorman81,43174,-50,user,1741141745000,comment,-50.0
720935310721421317,SolPlay_jonas,5968,1899249730783257082,Kyzer,6054,-30,user,1741651396000,comment,-30.0
720935310721421317,SolPlay_jonas,5968,1899249730783257082,solana,3335964,80,user,1741651396000,comment,80.0
1290424042906935297,Solana_CK,12177,1532378444658614272,MagicEden,785971,80,user,1654182466000,comment,80.0
952921795316912133,StaniKulechov,263220,1888998784526368941,aeyakovenko,561205,-20,user,1739207380000,comment,-20.0
1385956210902454272,SteveKBark,53333,1561091501521788928,BoredApeYC,1043836,70,user,1661028192000,comment,70.0
1385956210902454272,SteveKBark,53333,1561091501521788928,CapetainTrippy,126955,60,user,1661028192000,comment,60.0
1385956210902454272,SteveKBark,53333,1561091501521788928,cryptopunksnfts,342685,30,user,1661028192000,comment,30.0
1385956210902454272,SteveKBark,53333,1561091501521788928,yugalabs,443917,50,user,1661028192000,comment,50.0
831653377268342784,Stupifff,9542,1893820288824942777,luigidemeo,64027,70,user,1740356916000,comment,70.0
887748030304329728,TheCryptoDog,862828,1885149436793458793,LomahCrypto,318403,-20,user,1738289624000,comment,-20.0
887748030304329728,TheCryptoDog,862828,1892377389940035669,cburniske,324161,40,user,1740012903000,comment,40.0
1294727489437044737,TheDazzleNovak,8832,1885138938886869309,0xChefGoose,11238,80,user,1738287121000,comment,80.0
1294727489437044737,TheDazzleNovak,8832,1885138938886869309,Chilearmy123,35463,0,user,1738287121000,comment,0.0
1849992101091737601,TheTickerIs_ETH,1941,1861478468690591979,CryptoCurb,51871,60,user,1732646026000,comment,60.0
1849992101091737601,TheTickerIs_ETH,1941,1862175551529648578,CryptoCurb,51871,50,user,1732812223000,comment,55.0
1849992101091737601,TheTickerIs_ETH,1941,1863254853067174217,CryptoCurb,51871,60,user,1733069549000,comment,56.666666666666664
1849992101091737601,TheTickerIs_ETH,1941,1865478077817540965,CryptoCurb,51871,60,user,1733599607000,comment,57.5
1849992101091737601,TheTickerIs_ETH,1941,1865478077817540965,Pentosh1,861324,50,user,1733599607000,comment,50.0
1849992101091737601,TheTickerIs_ETH,1941,1862175551529648578,blknoiz06,706493,40,user,1732812223000,comment,40.0
1463930881643466764,The_PeopleDAO,37407,1893572694630961660,cz_binance,9992682,70,user,1740297885000,comment,70.0
2271238675,ThisIsM1NH,12087,1865293580904075814,elonmusk,218555971,30,user,1733555619000,comment,30.0
1654506617348534274,TomFastlane,1358,1751329300911911006,const_reborn,15353,50,user,1706384418000,comment,50.0
2446024556,Tradermayne,517906,1802584607029866932,blknoiz06,706493,-30,user,1718604635000,comment,-30.0
2446024556,Tradermayne,517906,1887155730769195209,blknoiz06,706493,-20,user,1738767962000,comment,-25.0
1501502506538438657,UnicornBitcoin,125113,1905534129090834719,Uniswap,1415207,20,user,1743149714000,comment,20.0
1501502506538438657,UnicornBitcoin,125113,1905534129090834719,cz_binance,9992682,-60,user,1743149714000,comment,-60.0
1501502506538438657,UnicornBitcoin,125113,1905534129090834719,jason_chen998,85555,0,user,1743149714000,comment,0.0
869659857590288384,WazzCrypto,51224,1886050518545412181,ErikVoorhees,735204,-50,user,1738504459000,comment,-50.0
997471671723483136,WhitGibbs,20018,1883173650561630367,QDagelet,6614,50,user,1737818560000,comment,50.0
242192192,WillisP90,2876,1752025848692281395,graildoteth,81378,-50,user,1706550488000,comment,-50.0
1219336232137830409,XKalynd,4529,1862554253367149020,VECTORDOTFUN,61128,80,user,1732902513000,comment,80.0
1219336232137830409,XKalynd,4529,1862554253367149020,_ilmoi,28418,70,user,1732902513000,comment,70.0
1406338975946706946,ZeMirch,17355,1886061817434124695,satoshiheist,6624,-80,user,1738507153000,comment,-80.0
1370479673818427403,Zeneca,394150,1789052229950886008,DeeZe,274844,50,user,1715378265000,comment,50.0
1370479673818427403,Zeneca,394150,1789052229950886008,wardaddycapital,14677,80,user,1715378265000,comment,80.0
838438099520716801,ZeroHedge_,146039,1761939466673868830,IncomeSharks,634415,0,user,1708914078000,comment,0.0
838438099520716801,ZeroHedge_,146039,1761939466673868830,haseeb,53909,100,user,1708914078000,comment,100.0
843491054385008646,_0xaryan,6131,1891017043584933918,aeyakovenko,561205,0,user,1739688571000,comment,0.0
1447083861905608706,__lostin__,2086,1892086685124399610,asgardfi,1518,80,user,1739943593000,comment,80.0
1447083861905608706,__lostin__,2086,1892086685124399610,phtevenstrong,108322,70,user,1739943593000,comment,70.0
1404251363295469570,_dogdad,21052,1905475951846191242,heyibinance,403543,-20,user,1743135843000,comment,-20.0
1404251363295469570,_dogdad,21052,1905475951846191242,jason_chen998,85555,0,user,1743135843000,comment,0.0
813682183,_serpepi,1797,1692461605408141736,frankdegods,417648,50,user,1692349265000,comment,50.0
1470958472409792515,a1lon9,155908,1904012439634473266,0xRiver8,17908,-50,user,1742786915000,comment,-50.0
1073915070961328128,abetrade,183123,1538229969071091715,HsakaTrades,593686,0,user,1655577578000,comment,0.0
1073915070961328128,abetrade,183123,1538229969071091715,cobie,771961,0,user,1655577578000,comment,0.0
3010606491,abovethebias,4343,1113531477734641664,koreanjewcrypto,145293,-30,user,1554321567000,comment,-30.0
3010606491,abovethebias,4343,1113531477734641664,krugermacro,208238,-20,user,1554321567000,comment,-20.0
3010606491,abovethebias,4343,1113531477734641664,shadownomics,8342,-20,user,1554321567000,comment,-20.0
2327407569,aeyakovenko,561205,1737330220498383317,0xrwu,29751,60,user,1703046777000,comment,60.0
2327407569,aeyakovenko,561205,1894157203830894828,AltcoinPsycho,518319,40,user,1740437243000,comment,40.0
2327407569,aeyakovenko,561205,1737330220498383317,Austin_Federa,145667,0,user,1703046777000,comment,0.0
2327407569,aeyakovenko,561205,1790039302816092512,FrankieIsLost,24966,0,user,1715613601000,comment,0.0
2327407569,aeyakovenko,561205,1873486354736460037,IrffanAsiff,18784,-50,user,1735508929000,comment,-50.0
2327407569,aeyakovenko,561205,1891841478714102095,WazzCrypto,51224,-30,user,1739885131000,comment,-30.0
2327407569,aeyakovenko,561205,1889779204301935008,ameensol,43912,0,user,1739393447000,comment,0.0
2327407569,aeyakovenko,561205,1891287062948520360,cobie,771961,-20,user,1739752948000,comment,-20.0
2327407569,aeyakovenko,561205,1889779204301935008,colludingnode,7360,-20,user,1739393447000,comment,-20.0
2327407569,aeyakovenko,561205,1889779204301935008,fede_intern,47922,0,user,1739393447000,comment,0.0
2327407569,aeyakovenko,561205,1790039302816092512,intern,120245,80,user,1715613601000,comment,80.0
2327407569,aeyakovenko,561205,1884796094300963230,nikitabier,478614,0,user,1738205381000,comment,0.0
2327407569,aeyakovenko,561205,1737330220498383317,rajgokal,312877,0,user,1703046777000,comment,0.0
2327407569,aeyakovenko,561205,1891287062948520360,samczsun,150462,0,user,1739752948000,comment,0.0
2327407569,aeyakovenko,561205,1737330220498383317,tensor_hq,143068,0,user,1703046777000,comment,0.0
1852674305517342720,aixbt_agent,460141,1904736202487734304,ColeGotTweets,13075,60,user,1742959473000,comment,60.0
1852674305517342720,aixbt_agent,460141,1886488337193832945,ReetikaTrades,30353,-30,user,1738608843000,comment,-30.0
1852674305517342720,aixbt_agent,460141,1870665474197065834,themidaswhale,3108,-40,user,1734836378000,comment,-40.0
1852674305517342720,aixbt_agent,460141,1874749107270717770,wai_combinator,8095,70,user,1735809992000,comment,70.0
1495008357756948487,alCamel77,25910,1892920472834121859,CyrusAbrahimX,39719,0,user,1740142384000,comment,0.0
1495008357756948487,alCamel77,25910,1896696683184177416,IamNomad,222480,-80,user,1741042702000,comment,-80.0
1495008357756948487,alCamel77,25910,1896696683184177416,blknoiz06,706493,-70,user,1741042702000,comment,-70.0
223188080,aliquotchris,7373,1866908873560408368,armaniferrante,127000,50,user,1733940735000,comment,50.0
223188080,aliquotchris,7373,1866908873560408368,pudgypenguins,652558,80,user,1733940735000,comment,80.0
223188080,aliquotchris,7373,1866908873560408368,renguangyao,2001,60,user,1733940735000,comment,60.0
223188080,aliquotchris,7373,1866908873560408368,saydialect,64220,50,user,1733940735000,comment,50.0
867373132495159296,alphaK3Y,3398,1833132673071477162,DevenMat,2538,20,user,1725887861000,comment,20.0
1450882486372913152,alpha_pls,126011,1869398752248955012,BobLoukas,335775,30,user,1734534368000,comment,30.0
1646685096,ameensol,43912,1891919093231428007,BNBCHAIN,3800955,-20,user,1739903636000,comment,-20.0
1646685096,ameensol,43912,1768069850805739973,Optimism,732557,70,user,1710375676000,comment,70.0
1646685096,ameensol,43912,1891919093231428007,colludingnode,7360,-30,user,1739903636000,comment,-30.0
1646685096,ameensol,43912,1891919093231428007,gnosischain,71123,30,user,1739903636000,comment,30.0
1646685096,ameensol,43912,1768069850805739973,kelvinfichter,33500,60,user,1710375676000,comment,60.0
1646685096,ameensol,43912,1891919093231428007,trondao,1703034,-20,user,1739903636000,comment,-20.0
801246156340740096,andrewhong5297,19589,1706509805240688677,Dune,201513,80,user,1695698617000,comment,80.0
801246156340740096,andrewhong5297,19589,1706509805240688677,buffalu__,32544,30,user,1695698617000,comment,30.0
4917456893,anonchained,86245,1903169039888957628,Claynosaurz,76915,-50,user,1742585832000,comment,-50.0
4917456893,anonchained,86245,1903169039888957628,MadLads,99280,-40,user,1742585832000,comment,-40.0
4917456893,anonchained,86245,1903169039888957628,aeyakovenko,561205,-80,user,1742585832000,comment,-80.0
4917456893,anonchained,86245,1903585680057422060,aeyakovenko,561205,-90,user,1742685167000,comment,-85.0
4917456893,anonchained,86245,1903169039888957628,pudgypenguins,652558,-50,user,1742585832000,comment,-50.0
4917456893,anonchained,86245,1903169039888957628,solana,3335964,-60,user,1742585832000,comment,-60.0
4917456893,anonchained,86245,1903169039888957628,tensor_hq,143068,-40,user,1742585832000,comment,-40.0
1548728936770654209,ansh_web3,2142,1902981517850431588,Crypto_bn,31532,60,user,1742541124000,comment,60.0
1548728936770654209,ansh_web3,2142,1902981517850431588,cz_binance,9992682,70,user,1742541124000,comment,70.0
115228746,aut0m8d,3587,1890532871657394492,Lebronfan237303,2016,30,user,1739573135000,comment,30.0
1046811588752285699,ayyyeandy,61800,1895515834535329979,Austin_Federa,145667,60,user,1740761166000,comment,60.0
1645228063595327488,b66ny,16218,1728983473854308556,edwardNFTrich,9221,-30,user,1701056757000,comment,-30.0
1396641989928554496,badbearsio,20717,1871538185270157504,scottybmitch,14430,-30,user,1735044449000,comment,-30.0
1396641989928554496,badbearsio,20717,1871538185270157504,tolibear_,24392,-20,user,1735044449000,comment,-20.0
1864452692221022210,bankrbot,40286,1876159394360254481,0xDeployer,13781,70,user,1736146231000,comment,70.0
1864452692221022210,bankrbot,40286,1898106472975991127,0xDeployer,13781,70,user,1741378822000,comment,70.0
1864452692221022210,bankrbot,40286,1902870360233742633,0xDeployer,13781,70,user,1742514622000,comment,70.0
1864452692221022210,bankrbot,40286,1898106472975991127,0xgaut,148174,60,user,1741378822000,comment,60.0
1864452692221022210,bankrbot,40286,1898106472975991127,AerodromeFi,99930,60,user,1741378822000,comment,60.0
1864452692221022210,bankrbot,40286,1898639372121186600,PaddyWarburton,10952,80,user,1741505875000,comment,80.0
1864452692221022210,bankrbot,40286,1902870360233742633,WakaFlocka,1815322,80,user,1742514622000,comment,80.0
1864452692221022210,bankrbot,40286,1876159394360254481,_ilmoi,28418,70,user,1736146231000,comment,70.0
1864452692221022210,bankrbot,40286,1890302259508248877,aixbt_agent,460141,75,user,1739518153000,comment,75.0
1864452692221022210,bankrbot,40286,1898106472975991127,base,930402,60,user,1741378822000,comment,60.0
1864452692221022210,bankrbot,40286,1898639372121186600,cometcalls,86596,60,user,1741505875000,comment,60.0
1864452692221022210,bankrbot,40286,1898106472975991127,universaldotxyz,8632,60,user,1741378822000,comment,60.0
1446541960181858315,based16z,87480,1860621972238983206,Pool2Paulie,27239,-30,user,1732441821000,comment,-30.0
1446541960181858315,based16z,87480,1860621972238983206,blknoiz06,706493,60,user,1732441821000,comment,60.0
1249193324461916161,basedkarbon,81618,1848138516334608769,MoonOverlord,301696,60,user,1729465533000,comment,60.0
1351139954525696005,beaniemaxi,225601,1883592429808566653,blknoiz06,706493,-20,user,1737918405000,comment,-20.0
1351139954525696005,beaniemaxi,225601,1883592429808566653,wallet,2084199,-50,user,1737918405000,comment,-50.0
1541671491099455489,bearish_af,73132,1885006314348106000,TrEbLeNoBaSs,8975,-50,user,1738255501000,comment,-50.0
217940052,bellaTLopez,20918,1889501879518024092,stoolpresidente,3677818,0,user,1739327327000,comment,0.0
1100932506193260544,benbybit,270358,1893878041170096451,jespow,220705,-30,user,1740370686000,comment,-30.0
903437147134455810,binji_x,26035,1697437037643632744,DeFi_Wonderland,10962,100,user,1693535501000,comment,100.0
903437147134455810,binji_x,26035,1697437037643632744,adamscochran,223873,100,user,1693535501000,comment,100.0
973261472,blknoiz06,706493,1842628682243817551,CryptoParadyme,68565,-30,user,1728151886000,comment,-30.0
973261472,blknoiz06,706493,1788652082695663891,Evan_ss6,56246,40,user,1715282862000,comment,40.0
973261472,blknoiz06,706493,1788567804662202541,HobbesOnSolana,7210,30,user,1715262769000,comment,30.0
973261472,blknoiz06,706493,1788652082695663891,HobbesOnSolana,7210,50,user,1715282862000,comment,40.0
973261472,blknoiz06,706493,1789462869693595995,HobbesOnSolana,7210,40,user,1715476169000,comment,40.0
973261472,blknoiz06,706493,1791136774271774883,HobbesOnSolana,7210,80,user,1715875259000,comment,50.0
973261472,blknoiz06,706493,1842628682243817551,Husslin_,76309,-20,user,1728151886000,comment,-20.0
973261472,blknoiz06,706493,1753232188043124925,RickRollOntoSol,1148,-20,user,1706838101000,comment,-20.0
1731759810557661184,blknoiz06intern,22655,1789463128830247293,HobbesOnSolana,7210,70,user,1715476231000,comment,70.0
1731759810557661184,blknoiz06intern,22655,1789463128830247293,blknoiz06,706493,50,user,1715476231000,comment,50.0
973261472,blknoiz06,706493,1821691969925529695,michionsolana,48386,90,user,1723160185000,comment,90.0
973261472,blknoiz06,706493,1784856871653757224,mrseanvvv,157952,60,user,1714378013000,comment,60.0
973261472,blknoiz06,706493,1784856871653757224,nillionnetwork,233384,70,user,1714378013000,comment,70.0
973261472,blknoiz06,706493,1842628682243817551,zachxbt,841036,-40,user,1728151886000,comment,-40.0
811352572871196672,blockRambo,49882,1640784266995834891,PeterDiamandis,285858,0,user,1680028428000,comment,0.0
811352572871196672,blockRambo,49882,1893161385896341846,cz_binance,9992682,20,user,1740199822000,comment,20.0
811352572871196672,blockRambo,49882,1640784266995834891,elonmusk,218555971,30,user,1680028428000,comment,30.0
1479774876273500161,bnbcaptain,3935,1897955519244976213,cz_binance,9992682,20,user,1741342832000,comment,20.0
1432635656161746947,boldleonidas,77553,1887712557609459943,cobie,771961,0,user,1738900720000,comment,0.0
1481662514446446601,btcDane,4786,1639644667259105280,gotbounce_,2232,70,user,1679756726000,comment,70.0
1902204002865180672,bubbnb,9603,1903440917258006679,cz_binance,9992682,0,user,1742650653000,comment,0.0
1902204002865180672,bubbnb,9603,1903440917258006679,kyle_chasse,239599,0,user,1742650653000,comment,0.0
1841565638856474625,businesscoineth,2772,1902889840615559172,0xINFRA,4508,0,user,1742519266000,comment,0.0
1841565638856474625,businesscoineth,2772,1902889840615559172,LucaNetz,184797,0,user,1742519266000,comment,0.0
1841565638856474625,businesscoineth,2772,1904558567782330462,Ourbit_Official,82112,0,user,1742917122000,comment,0.0
1841565638856474625,businesscoineth,2772,1902889840615559172,RealJonahBlake,84905,0,user,1742519266000,comment,0.0
1841565638856474625,businesscoineth,2772,1903570015393099851,_Shadow36,99675,0,user,1742681432000,comment,0.0
1841565638856474625,businesscoineth,2772,1903570015393099851,a1lon9,155908,0,user,1742681432000,comment,0.0
1841565638856474625,businesscoineth,2772,1900083291392532734,artsch00lreject,106891,0,user,1741850133000,comment,0.0
1841565638856474625,businesscoineth,2772,1900984688895787196,comcasticus,6150,-30,user,1742065043000,comment,-30.0
1841565638856474625,businesscoineth,2772,1904237831838708099,imperooterxbt,109311,0,user,1742840652000,comment,0.0
1841565638856474625,businesscoineth,2772,1900229895436771690,mememe69696969,69719,0,user,1741885086000,comment,0.0
1841565638856474625,businesscoineth,2772,1904237831838708099,muststopnigg,12009,0,user,1742840652000,comment,0.0
1841565638856474625,businesscoineth,2772,1902763319858962657,pudgypenguins,652558,0,user,1742489101000,comment,0.0
1841565638856474625,businesscoineth,2772,1902763319858962657,pumpdotfun,415380,0,user,1742489101000,comment,0.0
1841565638856474625,businesscoineth,2772,1902763319858962657,trondao,1703034,0,user,1742489101000,comment,0.0
1841565638856474625,businesscoineth,2772,1904421365672820845,zachxbt,841036,-50,user,1742884410000,comment,-50.0
1841565638856474625,businesscoineth,2772,1904506548241547608,zachxbt,841036,-50,user,1742904719000,comment,-50.0
8280592,carlosdomingo,38669,1864887372489384249,DavidSacks,1350169,80,user,1733458772000,comment,80.0
8280592,carlosdomingo,38669,1864887372489384249,Securitize,49890,60,user,1733458772000,comment,60.0
8280592,carlosdomingo,38669,1864887372489384249,sbmckeon,9463,75,user,1733458772000,comment,75.0
1689950691530547200,chinababa88,3361,1900258429501137014,cz_binance,9992682,50,user,1741891889000,comment,50.0
1689950691530547200,chinababa88,3361,1902722879361368402,cz_binance,9992682,70,user,1742479459000,comment,60.0
381288881,co1born,13485,1579654922999836672,joaquimmutim,2034,70,user,1665454056000,comment,70.0
2259434528,cobie,771961,1891799165597790330,BuzzlamicJihad,12340,20,user,1739875043000,comment,20.0
2259434528,cobie,771961,1896947771170771438,DavidSacks,1350169,0,user,1741102566000,comment,0.0
2259434528,cobie,771961,1592277697811865600,SBF_FTX,984910,-80,user,1668463560000,comment,-80.0
2259434528,cobie,771961,1891433297143644162,haydenzadams,309361,-40,user,1739787813000,comment,-40.0
2259434528,cobie,771961,1898684964943843375,lemiscate,97759,10,user,1741516746000,comment,10.0
2259434528,cobie,771961,1891433297143644162,stoolpresidente,3677818,-30,user,1739787813000,comment,-30.0
2259434528,cobie,771961,1891667611735175640,wassielawyer,37629,-30,user,1739843678000,comment,-30.0
2259434528,cobie,771961,1891667611735175640,weremeow,753807,0,user,1739843678000,comment,0.0
1028709919602696192,comcasticus,6150,1901811678573900285,businesscoineth,2772,30,user,1742262212000,comment,30.0
1028709919602696192,comcasticus,6150,1903972366205727170,businesscoineth,2772,50,user,1742777360000,comment,40.0
1028709919602696192,comcasticus,6150,1901811678573900285,muststopnigg,12009,-20,user,1742262212000,comment,-20.0
25222407,commonopoly_,17771,1475203020350574593,DukePaints,4792,60,user,1640550782000,comment,60.0
25222407,commonopoly_,17771,1521322147754352641,sungjae_han,8430,80,user,1651546439000,comment,80.0
15001406,connan_james,7830,1867393026034950511,edgarpavlovsky,15577,90,user,1734056166000,comment,90.0
1626325301432135684,const_reborn,15353,1751308685689680211,TomFastlane,1358,80,user,1706379503000,comment,80.0
1424441728770220037,crypto_condom,113686,1820857568392269993,intern_cc,3234,70,user,1722961248000,comment,70.0
1424441728770220037,crypto_condom,113686,1820857568392269993,lemiscate,97759,60,user,1722961248000,comment,60.0
1424441728770220037,crypto_condom,113686,1892629714025554226,satoshiheist,6624,50,user,1740073061000,comment,50.0
1454812690434584588,crypto_pumpman,29493,1694281313728311649,elonmusk,218555971,90,user,1692783118000,comment,90.0
1546650538699358208,cryptoklotz,19969,1887857911562432576,0xLunic,7819,20,user,1738935375000,comment,20.0
3635048722,cryptopeerani1,16804,1481043179457687555,web3nikki,1411,30,user,1641943185000,comment,30.0
902926941413453824,cz_binance,9992682,1901247258760253788,HUADA999,102048,70,user,1742127644000,comment,70.0
902926941413453824,cz_binance,9992682,1870796228558221492,IrinaHeaver,42556,60,user,1734867553000,comment,60.0
902926941413453824,cz_binance,9992682,1901247258760253788,heyibinance,403543,50,user,1742127644000,comment,50.0
14285074,danfinlay,31285,1861633461678940401,CirrusNFT,98504,70,user,1732682979000,comment,70.0
14285074,danfinlay,31285,1861633461678940401,ItzBermuda,18689,60,user,1732682979000,comment,60.0
2607460717,dannnny69,2927,1885197720597782795,boldleonidas,77553,-30,user,1738301136000,comment,-30.0
2607460717,dannnny69,2927,1885197720597782795,rasmr_eth,106751,-50,user,1738301136000,comment,-50.0
1553127615183179777,derpedewdz,5872,1895559014496497732,Sonichub_,13217,0,user,1740771461000,comment,0.0
1553127615183179777,derpedewdz,5872,1895559014496497732,yokodotlive,4801,0,user,1740771461000,comment,0.0
1078362309687472134,devchart,199663,1723096405860872209,Bluntz_Capital,317407,60,user,1699653171000,comment,60.0
1078362309687472134,devchart,199663,1723096405860872209,TheCryptoDog,862828,70,user,1699653171000,comment,70.0
986900699366604800,digitalartchick,202478,1884750541424558240,LeonardDonalds,4672,-30,user,1738194520000,comment,-30.0
936048782206058496,dingalingts,233698,1724745045545508883,FLC_FlooringLab,43690,-50,user,1700046237000,comment,-50.0
1405701429646430212,doodles,432354,1890409065357959406,Claynosaurz,76915,30,user,1739543617000,comment,30.0
1405701429646430212,doodles,432354,1890409065357959406,solana,3335964,20,user,1739543617000,comment,20.0
1429011571833937921,dystopiabreaker,49660,1484462738936008709,elonmusk,218555971,-30,user,1642758471000,comment,-30.0
44196397,elonmusk,218555971,1867733479758422509,RoastM4ster9000,10588,80,user,1734137337000,comment,80.0
44196397,elonmusk,218555971,1691408714660761600,bassel_amin,27686,60,user,1692098237000,comment,60.0
478766551,ernestoasch,6979,1833501534946267420,Nahiiko,10550,50,user,1725975805000,comment,50.0
1444470364667449344,fangkuai_real,4345,1608473625333739522,peanutduck_,1888,-50,user,1672324970000,comment,-50.0
1492409750541115397,fanqiege168,33415,1896487334910316810,cz_binance,9992682,30,user,1740992790000,comment,30.0
1634677972979310594,fede_intern,47922,1897674165676617901,jillrgunter,67607,20,user,1741275752000,comment,20.0
1634677972979310594,fede_intern,47922,1893483668347228327,josh_benaron,6378,-20,user,1740276660000,comment,-20.0
1850638907068846080,fewshot_,23513,1877558955276398823,TechFlowPost,148776,65,user,1736479912000,comment,65.0
1850638907068846080,fewshot_,23513,1877558955276398823,wai_combinator,8095,70,user,1736479912000,comment,70.0
1441835930889818113,frankdegods,417648,1780442997378683234,LeonidasNFT,249453,70,user,1713325664000,comment,70.0
1441835930889818113,frankdegods,417648,1541469425756344320,choco_melk_,2959,50,user,1656349924000,comment,50.0
1441835930889818113,frankdegods,417648,1883055275894268007,cz_binance,9992682,60,user,1737790337000,comment,60.0
1441835930889818113,frankdegods,417648,1822016866690461717,phantom,862161,0,user,1723237647000,comment,0.0
804029200315334656,gakonst,131922,1543746624723116033,brockjelmore,17175,20,user,1656892851000,comment,20.0
804029200315334656,gakonst,131922,1602784973563518982,caitlinxyz,13681,30,user,1670968690000,comment,30.0
804029200315334656,gakonst,131922,1543746624723116033,tyneslol,5169,0,user,1656892851000,comment,0.0
1081354216843632640,gametheorizing,118796,1862649401145270452,elonmusk,218555971,0,user,1732925198000,comment,0.0
1081354216843632640,gametheorizing,118796,1862649401145270452,freysa_ai,26586,80,user,1732925198000,comment,80.0
1081354216843632640,gametheorizing,118796,1862649401145270452,jarrodWattsDev,20884,0,user,1732925198000,comment,0.0
905566160044920832,gammichan,36769,1874645122857439680,blknoiz06,706493,0,user,1735785201000,comment,0.0
1299326062179037185,geishaXBT,12993,1828368811961029060,cobie,771961,70,user,1724752068000,comment,70.0
1299326062179037185,geishaXBT,12993,1828368811961029060,ledgerstatus,241653,80,user,1724752068000,comment,80.0
1499879157672648708,graildoteth,81378,1892629113350799435,KaitoAI,267477,0,user,1740072918000,comment,0.0
1499879157672648708,graildoteth,81378,1892629113350799435,vohvohh,93256,30,user,1740072918000,comment,30.0
40827436,greencrosslive,8120,1890203335954952240,purrLabs,3235,50,user,1739494568000,comment,50.0
1460505380488765442,hanaknight_,3682,1735315386474573945,IDerech,16585,80,user,1702566403000,comment,80.0
1460505380488765442,hanaknight_,3682,1737904289853350048,IDerech,16585,85,user,1703183646000,comment,82.5
1460505380488765442,hanaknight_,3682,1735315386474573945,MilstGuga,11099,75,user,1702566403000,comment,75.0
1460505380488765442,hanaknight_,3682,1735315386474573945,SOLBigBrain,286886,75,user,1702566403000,comment,75.0
702654540387127296,haydenzadams,309361,1258526571234603009,EtherealSummit,7603,80,user,1588891091000,comment,80.0
702654540387127296,haydenzadams,309361,1558468743419789313,bantg,198363,-30,user,1660402878000,comment,-30.0
959291597622886400,haze0x,120482,1892895120808177907,0x0xFeng,56610,40,user,1740136339000,comment,40.0
959291597622886400,haze0x,120482,1892895120808177907,cz_binance,9992682,60,user,1740136339000,comment,60.0
1398630896476078080,heckman_eth,16099,1598312694100250625,FinchMuted,11363,30,user,1669902416000,comment,30.0
1003840309166366721,heyibinance,403543,1901642191354704355,fanqiege168,33415,80,user,1742221803000,comment,80.0
706491515527364610,high_byte,5587,1641431276639989761,_hrkrshnn,8152,-30,user,1680182687000,comment,-30.0
477698745,hodlrswiss,7316,1359407229846315008,elonmusk,218555971,85,user,1612942914000,comment,85.0
889941285116751874,iLiquidatebots,28613,1901788267751858642,cryptoquant_com,263415,70,user,1742256631000,comment,70.0
889941285116751874,iLiquidatebots,28613,1901790775672971521,cryptoquant_com,263415,-10,user,1742257229000,comment,30.0
889941285116751874,iLiquidatebots,28613,1901788267751858642,ki_young_ju,419713,60,user,1742256631000,comment,60.0
889941285116751874,iLiquidatebots,28613,1901790775672971521,ki_young_ju,419713,-30,user,1742257229000,comment,15.0
895400381852811266,intangiblecoins,51180,1442821716674293763,roshunpatel,13915,-30,user,1632830478000,comment,-30.0
1354120919460040711,intern,120245,1894410228059574526,cobie,771961,0,user,1740497569000,comment,0.0
1354120919460040711,intern,120245,1896538010726105151,cobie,771961,60,user,1741004872000,comment,30.0
1354120919460040711,intern,120245,1587915869534887936,elonmusk,218555971,-20,user,1667423620000,comment,-20.0
1354120919460040711,intern,120245,1591227648499683328,elonmusk,218555971,-30,user,1668213209000,comment,-25.0
1354120919460040711,intern,120245,1894410228059574526,phantom,862161,0,user,1740497569000,comment,0.0
1051852534518824960,inversebrah,352032,1859783786000679004,ThisIsM1NH,12087,30,user,1732241982000,comment,30.0
1446972288348262402,irritatedeth,23677,1893168087521956032,hatedbyfate_eth,7949,-30,user,1740201420000,comment,-30.0
1329936125264236545,itsNeski,4647,1393769937663975424,elonmusk,218555971,60,user,1621135622000,comment,60.0
815322092627333121,izebel_eth,34606,1795098464423903290,LucaNetz,184797,0,user,1716819799000,comment,0.0
285901606,jayhinz,6332,1902345900028027030,binji_x,26035,60,user,1742389581000,comment,60.0
722573,jed,1954,1866900809516191961,0xrwu,29751,0,user,1733938812000,comment,0.0
722573,jed,1954,1866900809516191961,SimkinStepan,7186,0,user,1733938812000,comment,0.0
722573,jed,1954,1866900809516191961,crypturco,19094,0,user,1733938812000,comment,0.0
722573,jed,1954,1866900809516191961,rajparekh_,2853,0,user,1733938812000,comment,0.0
722573,jed,1954,1866900809516191961,solana,3335964,50,user,1733938812000,comment,50.0
722573,jed,1954,1866900809516191961,sphere_labs,24561,0,user,1733938812000,comment,0.0
722573,jed,1954,1866900809516191961,swen_sjn,5194,0,user,1733938812000,comment,0.0
722573,jed,1954,1866900809516191961,tristan,33739,0,user,1733938812000,comment,0.0
722573,jed,1954,1866900809516191961,voteforpedrito,9045,0,user,1733938812000,comment,0.0
169312819,jillrgunter,67607,1899115901661970653,colludingnode,7360,-20,user,1741619489000,comment,-20.0
1484537340412452868,jon_charb,22834,1658130580335108097,kelvinfichter,33500,20,user,1684164111000,comment,20.0
1359141912855379968,josh_benaron,6378,1521908316049444868,mccannatron,24275,80,user,1651686192000,comment,80.0
1693255284284870656,joyce24beats,1095,1896984799245689166,0x0xFeng,56610,0,user,1741111395000,comment,0.0
1693255284284870656,joyce24beats,1095,1896984799245689166,OTZGary,6643,0,user,1741111395000,comment,0.0
902839045356744704,justinsuntron,3801956,1901959246297919848,BTC_Alert_,34949,0,user,1742297395000,comment,0.0
902839045356744704,justinsuntron,3801956,1549647915479474176,crypt_omar,35607,0,user,1658299828000,comment,0.0
902839045356744704,justinsuntron,3801956,1549647915479474176,cz_binance,9992682,30,user,1658299828000,comment,30.0
902839045356744704,justinsuntron,3801956,1901959246297919848,heyibinance,403543,80,user,1742297395000,comment,80.0
1448775887202275333,kay_phillips_,2661,1616096202675879938,jkey_eth,12535,90,user,1674142334000,comment,90.0
20114406,kbw,8179,1773731437528625246,JonasSFT,2291,-30,user,1711725503000,comment,-30.0
63064338,koeppelmann,53072,1901943043449561463,cobie,771961,-20,user,1742293532000,comment,-20.0
873190778910253056,koreanjewcrypto,145293,1847431137531941304,Tradermayne,517906,-20,user,1729296881000,comment,-20.0
873190778910253056,koreanjewcrypto,145293,1847431137531941304,blknoiz06,706493,-30,user,1729296881000,comment,-30.0
873190778910253056,koreanjewcrypto,145293,1113505036297023488,shadownomics,8342,0,user,1554315263000,comment,0.0
873190778910253056,koreanjewcrypto,145293,1118915979503968256,shadownomics,8342,80,user,1555605332000,comment,40.0
2190759643,lemiscate,97759,1644255448231473152,butterygg,1082,0,user,1680856022000,comment,0.0
1767926339586396160,lilshis2slot,15806,1890080144301449605,cz_binance,9992682,70,user,1739465197000,comment,70.0
1764301014935703552,lmeowcoineth,4384,1897489491788546441,0xathenalee,4767,0,user,1741231723000,comment,0.0
1764301014935703552,lmeowcoineth,4384,1897489491788546441,466Anan,177730,0,user,1741231723000,comment,0.0
1764301014935703552,lmeowcoineth,4384,1897489491788546441,cz_binance,9992682,0,user,1741231723000,comment,0.0
1764301014935703552,lmeowcoineth,4384,1897489491788546441,heyibinance,403543,0,user,1741231723000,comment,0.0
1099790079294287872,lokithebird,41700,1875967050763649321,donairdaddy,17179,0,user,1736100373000,comment,0.0
131207665,luigidemeo,64027,1900146358293614820,blknoiz06,706493,0,user,1741865169000,comment,0.0
1731924572474400768,market_beggar,8198,1889337341191553362,_43A6,6455,85,user,1739288098000,comment,85.0
1453982860663087107,mememe69696969,69719,1900228867333513546,businesscoineth,2772,50,user,1741884841000,comment,50.0
25672193,mintfaced,15915,1869149831874359655,lvcasaguirre,3721,50,user,1734475021000,comment,50.0
1445684234379685891,mrseanvvv,157952,1801841267053117774,HsakaTrades,593686,0,user,1718427409000,comment,0.0
1445684234379685891,mrseanvvv,157952,1801841267053117774,blknoiz06,706493,20,user,1718427409000,comment,20.0
1445684234379685891,mrseanvvv,157952,1801841267053117774,cobie,771961,0,user,1718427409000,comment,0.0
1461735251412193281,mteamisloading,8908,1873078336580403517,tyneslol,5169,-15,user,1735411650000,comment,-15.0
1870032440221118464,muststopnigg,12009,1901869461063315467,blknoiz06,706493,-30,user,1742275989000,comment,-30.0
49248063,nazeoppa,4623,1885951273067036809,cobie,771961,0,user,1738480797000,comment,0.0
2631709828,notsofast,200997,1765880135985619385,ScizRtrading,7725,30,user,1709853607000,comment,30.0
2631709828,notsofast,200997,1765880135985619385,basedkarbon,81618,40,user,1709853607000,comment,40.0
2631709828,notsofast,200997,1893428682108063932,imperooterxbt,109311,-30,user,1740263550000,comment,-30.0
1426732252768182281,notthreadguy,317849,1882610855805850108,aixbt_agent,460141,0,user,1737684379000,comment,0.0
258156475,ohyishi,81288,1891414136992714873,cz_binance,9992682,-10,user,1739783245000,comment,-10.0
946213559213555712,opensea,2069507,1618446335992287232,GutterCatGang,120108,50,user,1674702650000,comment,50.0
946213559213555712,opensea,2069507,1867301231233847768,pudgypenguins,652558,70,user,1734034280000,comment,70.0
943870659431682048,peterschroederr,11209,1811108599273508903,Send,14667,0,user,1720636913000,comment,0.0
1455391184411496458,playmatejaylene,53225,1883299676310626765,Hankusun,87773,70,user,1737848607000,comment,70.0
1397488888046751744,ponzidope,2499,1722065819939770803,EvgenyGaevoy,75312,-50,user,1699407460000,comment,-50.0
1622243071806128131,pumpdotfun,415380,1796225533694660972,bubblemaps,264391,50,user,1717088514000,comment,50.0
1840925601689190400,purrLabs,3235,1890218224995979485,greencrosslive,8120,50,user,1739498118000,comment,50.0
101833150,rajgokal,312877,1769214536048132231,elonmusk,218555971,50,user,1710648590000,comment,50.0
423164349,rasmr_eth,106751,1885165560063025524,boldleonidas,77553,-80,user,1738293468000,comment,-80.0
15025701,rekt,126265,1764355330878689468,zachxbt,841036,80,user,1709490065000,comment,80.0
110309945,renguangyao,2001,1866775368625201403,armaniferrante,127000,50,user,1733908905000,comment,50.0
110309945,renguangyao,2001,1866775368625201403,saydialect,64220,20,user,1733908905000,comment,20.0
1380123157663784963,rodeo_crypro,2884,1885399470449307663,Loopifyyy,221809,0,user,1738349237000,comment,0.0
1380123157663784963,rodeo_crypro,2884,1885399470449307663,blknoiz06,706493,-30,user,1738349237000,comment,-30.0
1615710923284709376,s_on_chain,1489,1904653679099339140,0xSweep,196122,50,user,1742939798000,comment,50.0
1615710923284709376,s_on_chain,1489,1905893997798981916,0xSweep,196122,50,user,1743235513000,comment,50.0
1615710923284709376,s_on_chain,1489,1905896504834822492,0xSweep,196122,50,user,1743236111000,comment,50.0
1615710923284709376,s_on_chain,1489,1905898704218857647,0xSweep,196122,50,user,1743236635000,comment,50.0
1615710923284709376,s_on_chain,1489,1905972455212265720,0xSweep,196122,50,user,1743254219000,comment,50.0
1615710923284709376,s_on_chain,1489,1905893997798981916,TheMoonCarl,1488467,30,user,1743235513000,comment,30.0
1615710923284709376,s_on_chain,1489,1905896504834822492,coingecko,2266184,20,user,1743236111000,comment,20.0
244647486,saylor,4265644,1894061635515375845,EleanorTerrett,228588,0,user,1740414458000,comment,0.0
244647486,saylor,4265644,1452415425782829058,ShibaInuHodler,476832,0,user,1635117796000,comment,0.0
244647486,saylor,4265644,1340679387998527489,elonmusk,218555971,70,user,1608477849000,comment,70.0
244647486,saylor,4265644,1393757359881793538,elonmusk,218555971,50,user,1621132624000,comment,60.0
244647486,saylor,4265644,1394006593696669703,elonmusk,218555971,60,user,1621192045000,comment,60.0
244647486,saylor,4265644,1452415425782829058,elonmusk,218555971,60,user,1635117796000,comment,60.0
244647486,saylor,4265644,1595914126294925312,elonmusk,218555971,50,user,1669330553000,comment,58.0
93088393,sbmckeon,9463,1864887871402053633,DavidSacks,1350169,80,user,1733458891000,comment,80.0
93088393,sbmckeon,9463,1864887871402053633,Securitize,49890,80,user,1733458891000,comment,80.0
93088393,sbmckeon,9463,1864887871402053633,carlosdomingo,38669,85,user,1733458891000,comment,85.0
1532958231542124546,schizoflow,2606,1723798087133523996,Husslin_,76309,80,user,1699820465000,comment,80.0
1079937853877112832,shadownomics,8342,1113514918697996289,koreanjewcrypto,145293,-30,user,1554317619000,comment,-30.0
953465278561734656,sherlock_hodles,29042,1893713340502778257,intern,120245,60,user,1740331418000,comment,60.0
1749919408087093249,shibwifcoin,7744,1854957836864045372,krakenfx,1651408,0,user,1731091386000,comment,0.0
1749919408087093249,shibwifcoin,7744,1854957836864045372,krakenpro,68756,0,user,1731091386000,comment,0.0
2827221,sign,61830,1885956653318828442,LeotheHorseman,7713,100,user,1738482080000,comment,100.0
2827221,sign,61830,1885956653318828442,ethsign,247075,100,user,1738482080000,comment,100.0
951329744804392960,solana,3335964,1905306794668556544,Bybit_Official,4987428,50,user,1743095513000,comment,50.0
951329744804392960,solana,3335964,1905306794668556544,JupiterExchange,568806,50,user,1743095513000,comment,50.0
951329744804392960,solana,3335964,1884661793085399550,Kyzer,6054,50,user,1738173361000,comment,50.0
951329744804392960,solana,3335964,1893126343761498141,NTWRKMag,2488,50,user,1740191467000,comment,50.0
951329744804392960,solana,3335964,1893126343761498141,NTWRKMedia,9665,50,user,1740191467000,comment,50.0
951329744804392960,solana,3335964,1905306794668556544,UAEliFan,1960,50,user,1743095513000,comment,50.0
951329744804392960,solana,3335964,1905306794668556544,circle,200571,50,user,1743095513000,comment,50.0
951329744804392960,solana,3335964,1905306794668556544,cryptocom,3027990,50,user,1743095513000,comment,50.0
951329744804392960,solana,3335964,1905306794668556544,global_dollar,2151,50,user,1743095513000,comment,50.0
951329744804392960,solana,3335964,1905306794668556544,krakenfx,1651408,50,user,1743095513000,comment,50.0
951329744804392960,solana,3335964,1851302398289199242,solayer_labs,176001,50,user,1730219861000,comment,50.0
951329744804392960,solana,3335964,1893126343761498141,solflare_wallet,200552,50,user,1740191467000,comment,50.0
951329744804392960,solana,3335964,1901313252061053297,solflare_wallet,200552,50,user,1742143378000,comment,50.0
951329744804392960,solana,3335964,1901313252061053297,solscanofficial,50997,50,user,1742143378000,comment,50.0
3195074454,spark_ren,10458,1888584050706956531,WutalkWu,62869,-40,user,1739108500000,comment,-40.0
3195074454,spark_ren,10458,1888627387639947556,WutalkWu,62869,-50,user,1739118832000,comment,-45.0
1092545001425461249,stormrdoteth,18998,1844833402165620767,wabdoteth,109510,0,user,1728677533000,comment,0.0
88440635,taowang1,3882,1872473004606984618,thedefiedge,298164,70,user,1735267327000,comment,70.0
19748227,tayvano_,87616,1814670329123623328,zachxbt,841036,-60,user,1721486096000,comment,-60.0
1507082675827494912,tensor_hq,143068,1892260985575969227,CHADSwtf,9257,80,user,1739985150000,comment,80.0
4661330325,themidaswhale,3108,1881672001959694350,Awawat_Trades,142127,60,user,1737460539000,comment,60.0
4661330325,themidaswhale,3108,1881672001959694350,cobie,771961,0,user,1737460539000,comment,0.0
1755899659040555009,theunipcs,103215,1887169022380396839,MustStopMurad,711199,80,user,1738771131000,comment,80.0
1788931775982690304,tisgambino,12655,1901016956247175346,elonmusk,218555971,50,user,1742072736000,comment,50.0
1142564614925930501,tonythebullBTC,39254,1894339752293269577,ki_young_ju,419713,30,user,1740480766000,comment,30.0
1398319504975970310,trading_axe,138837,1893891983736729770,OXFUNHQ,33980,-80,user,1740374010000,comment,-80.0
1398319504975970310,trading_axe,138837,1803231670880932080,zachxbt,841036,-30,user,1718758907000,comment,-30.0
2261403098,ttyl5h,9045,1749660430258352372,kelvinfichter,33500,30,user,1705986528000,comment,30.0
345758163,vec0zy,42920,1892693330795917735,knveth,26442,0,user,1740088229000,comment,0.0
1100494934807904256,victorJi15,28886,1457406893798817793,CaoArmand,25206,65,user,1636307855000,comment,65.0
1323706856594792448,vissyarts,6791,1892646593955824044,collectionist,44394,80,user,1740077086000,comment,80.0
1858561522337017861,wai_combinator,8095,1875276279215497492,fewshot_,23513,70,user,1735935680000,comment,70.0
1501997405755088900,waleswoosh,142420,1885686680096579736,LucaNetz,184797,30,user,1738417713000,comment,30.0
588569122,wallstreetbets,901121,1791485251140698528,GwartyGwart,31341,0,user,1715958342000,comment,0.0
588569122,wallstreetbets,901121,1791485251140698528,MonetSupply,29515,0,user,1715958342000,comment,0.0
588569122,wallstreetbets,901121,1791485251140698528,aeyakovenko,561205,0,user,1715958342000,comment,0.0
1057622833977683968,wannabtrading,2053,1776767096745058325,blknoiz06,706493,-30,user,1712449261000,comment,-30.0
1735984125796929536,welsharehealth,63117,1876967266660597768,cz_binance,9992682,70,user,1736338843000,comment,70.0
17194296,weremeow,753807,1885679821629641194,EvgenyGaevoy,75312,80,user,1738416078000,comment,80.0
17194296,weremeow,753807,1832140167760769117,solana,3335964,50,user,1725651230000,comment,50.0
17194296,weremeow,753807,1885679821629641194,wintermute_t,116180,90,user,1738416078000,comment,90.0
56000672,wiz,23326,1513229148990418949,glozow,16032,70,user,1649616918000,comment,70.0
1647749534980644864,wojakcoineth,52304,1900785880689717478,blknoiz06,706493,0,user,1742017643000,comment,0.0
1647749534980644864,wojakcoineth,52304,1900785880689717478,gainzy222,285555,0,user,1742017643000,comment,0.0
1163778214885351424,xiao_zcloak,9923,1862438796345925877,justinsuntron,3801956,30,user,1732874986000,comment,30.0
1481941556710027267,yarhuter,4389,1781679872219185340,SkeletonMaskDao,1215,30,user,1713620558000,comment,30.0
1688716269782966272,yeunglean,4811,1732076794088476981,AviFelman,94304,70,user,1701794262000,comment,70.0
1437049754882494466,ytflzyyds,232364,1892876198373454195,0x0xFeng,56610,50,user,1740131828000,comment,50.0
1437049754882494466,ytflzyyds,232364,1900926582094741649,binancezh,283141,30,user,1742051189000,comment,30.0
1437049754882494466,ytflzyyds,232364,1892876198373454195,cz_binance,9992682,60,user,1740131828000,comment,60.0
1437049754882494466,ytflzyyds,232364,1900926582094741649,heyibinance,403543,40,user,1742051189000,comment,40.0
1490949502261665792,yuyue_chris,115878,1888028408883593342,cz_binance,9992682,-20,user,1738976025000,comment,-20.0
3012852462,zachxbt,841036,1842613017814438159,Husslin_,76309,-20,user,1728148152000,comment,-20.0
3012852462,zachxbt,841036,1816703331143971173,MagicEden,785971,90,user,1721970801000,comment,90.0
3012852462,zachxbt,841036,1894402294419988760,benbybit,270358,85,user,1740495677000,comment,85.0
3012852462,zachxbt,841036,1692578778290045271,elonmusk,218555971,-30,user,1692377201000,comment,-30.0
3012852462,zachxbt,841036,1779938301031358670,elonmusk,218555971,-40,user,1713205335000,comment,-35.0
3012852462,zachxbt,841036,1873011500123935004,tayvano_,87616,-30,user,1735395715000,comment,-30.0
3012852462,zachxbt,841036,1816703331143971173,tmtrdorg,3578,80,user,1721970801000,comment,80.0
3012852462,zachxbt,841036,1816703331143971173,wassie,12648,85,user,1721970801000,comment,85.0
79714172,zhusu,628836,1900411401694568734,TomDwan,210048,-30,user,1741928360000,comment,-30.0
